sample,elapsed_s,rss_mib,cpu_percent,footprint_mib,disk_written_bytes
1,0.00,116.52,0.0,60.09,0
2,10.02,116.62,0.0,60.09,0
3,20.03,116.66,0.0,60.09,0
4,30.03,116.64,0.0,60.09,0
5,40.04,116.64,0.0,60.09,0
6,50.05,116.64,0.0,60.09,0
7,60.06,116.66,0.0,60.09,0
8,70.08,116.66,0.0,60.09,0
9,80.09,116.66,0.0,60.09,0
10,90.10,116.66,0.0,60.09,0
11,100.10,116.66,0.0,60.09,0
12,110.11,116.66,0.0,60.09,0
13,120.12,116.73,0.0,60.09,0
14,130.13,116.73,0.0,60.09,0
15,140.14,116.89,0.3,60.11,0
16,150.15,114.55,0.0,60.09,0
17,160.16,114.55,0.0,60.09,0
18,170.17,114.55,0.0,60.09,0
19,180.18,114.55,0.0,60.09,0
20,190.19,114.44,0.0,60.09,0
21,200.20,114.44,0.0,60.09,0
22,210.21,114.44,0.0,60.09,0
23,220.22,114.44,0.0,60.09,0
24,230.24,114.44,0.0,60.09,0
25,240.24,114.44,0.0,60.09,0
26,250.25,114.06,0.0,60.09,0
27,260.26,113.92,0.0,60.09,0
28,270.26,113.92,0.0,60.09,0
29,280.27,114.20,0.0,60.08,0
30,290.28,114.20,0.0,60.08,0
31,300.29,114.20,0.0,60.08,0
